Name,Fensteranteil_Nord_[%],Fensteranteil_Süd_{%},Auswahl_Verglasung_Nord,Auswahl_Verglasung_Süd,Auwahl_Verglasung_Atrium,Wärmeleitfähigkeit_Dämmung_[W/(m.K)],Markisen-Ausfallwinkel_[°],Natürliche_Lüftung_Atrium,,Personen-Unzufriedenheits-Stunden,Endenergie_total_[kWh/Jahr],Endenergie_Kühlung_[kWh/Jahr],Endenergie_Heizung_[kWh/Jahr],Endenergie_Kunstlicht_[kWh/Jahr],Tageslichtfaktor_Büros_[%],Tageslichtfaktor_Sitzungszimmer_[%],Kostenfunktion_[CHF/(10Jahre)]
run10001,61.24,78.98,"Triple, low U",Double Clear,Single Clear (WIN7),0.02127,10.7,AtriumNatVentControl,run10001,10240.7,70233.7,1290,55053.5,1936.3,3.646,2.955,749423.8
run10002,18.92,40.15,"Double, low U","Double low U, low g","Double, low U",0.07193,20.5,AtriumNatVentControl,run10002,9452.1,58410.7,396.1,42407.5,3653.6,1.156,0.9848,651115.6
run10003,33.6,86.92,Double Clear,Double Clear,"Double, low U",0.04602,20.6,AtriumNatVentControl,run10003,9618,66564.5,898.7,51602.3,2110.7,2.644,2.204,699450.3
run10004,34.3,72.55,Double Clear,"Double low U, low g",Single Clear (WIN7),0.07229,22.03,Always off,run10004,10170,71329.1,795.9,56162.8,2415.9,2.251,1.858,775368.9
run10005,18.64,42.5,"Triple, low U",Double Clear,Double Clear,0.04883,16.82,Always off,run10005,9845.7,51117.6,749.1,35060.5,3353.2,1.245,1.075,598794.1
run10006,87.26,47.86,Triple Clear (WIN7),"Double low U, low g",Single Clear (WIN7),0.03838,26.41,AtriumNatVentControl,run10006,10228.3,72966.8,1127.1,57658.7,2227.4,3.357,2.488,819875.6
run10007,89.67,62.1,Triple Clear (WIN7),"Double low U, low g",Single Clear (WIN7),0.03375,25.94,Always off,run10007,10371.2,66899.7,1327.5,51554.7,2062.9,3.635,2.656,828249.8
run10008,53.25,17.28,Double Clear,Triple Clear (WIN7),Single Clear (WIN7),0.05044,28.65,Always off,run10008,10146.1,67740.8,910.5,51871.7,3003.7,2.038,1.512,699292.3
run10009,40.36,24.05,Triple Clear (WIN7),Double Clear,"Double, low U",0.0502,10.53,AtriumNatVentControl,run10009,9621.6,58997,598.7,43209.2,3235.4,1.704,1.375,619078.2
run10010,95.56,74.08,"Triple, low U","Double low U, low g",Double Clear,0.03852,8.809,AtriumNatVentControl,run10010,9902.4,45755.7,1618.9,30320.3,1864.3,4.431,3.446,774673.6
run10011,40.91,74.2,Triple Clear (WIN7),"Double low U, low g","Double, low U",0.0413,15.29,AtriumNatVentControl,run10011,9414.9,50483.9,735.1,35427.8,2368.2,2.441,2.029,701237.9
run10012,88.31,10.99,"Triple, low U","Double low U, low g","Double, low U",0.06293,9.247,Always off,run10012,10134.1,46117.7,1442.1,30122.7,2597.8,2.953,2.078,688552.3
run10013,15.72,66.45,Triple Clear (WIN7),"Double low U, low g",Single Clear (WIN7),0.02727,0.6764,Always off,run10013,9845.6,54420.7,624.2,38970.1,2870.8,1.401,1.192,681873.7
run10014,70.31,70.03,"Triple, low U",Double Clear,"Double, low U",0.04708,4.039,AtriumNatVentControl,run10014,10038.4,61984.2,1311.5,46776.5,1942.9,3.945,3.13,718730.1
run10015,19.92,34.5,"Double, low U","Triple, low U, low g",Single Clear (WIN7),0.05548,23.01,AtriumNatVentControl,run10015,9531.3,57375.3,419.9,40895.3,4107,1.036,0.8652,668019.9
run10016,24.65,55.42,Double Clear,Triple Clear (WIN7),Single Clear (WIN7),0.03712,0.6537,AtriumNatVentControl,run10016,9934.7,68969.2,726,53590.1,2699.3,1.708,1.534,708424.9
run10017,50.08,77.87,Triple Clear (WIN7),Triple Clear (WIN7),"Double, low U",0.04619,3.442,Always off,run10017,10193.9,63582.5,1131.6,48324.2,2172.3,2.886,2.451,759206.5
run10018,39.11,44.62,Double Clear,Triple Clear (WIN7),Single Clear (WIN7),0.05324,6.319,Always off,run10018,10171.4,68149.3,910.4,52680.5,2603.6,2.134,1.785,717589.3
run10019,72.05,26.45,"Triple, low U","Triple, low U, low g","Double, low U",0.03733,28.15,Always off,run10019,10077,37089,1507.4,20900.2,2727.6,2.565,1.831,690103.7
run10020,13.69,97.41,Triple Clear (WIN7),"Double low U, low g",Single Clear (WIN7),0.02385,12.31,AtriumNatVentControl,run10020,9822.3,62505.7,577.8,47376.9,2597.2,1.669,1.316,744148
run10021,69.85,45.77,Triple Clear (WIN7),"Double low U, low g","Double, low U",0.03749,8.374,Always off,run10021,10124.5,48319.9,1389,32668.7,2308,3.045,2.364,716716.4
run10022,74.81,59.73,"Triple, low U","Triple, low U, low g",Single Clear (WIN7),0.02855,3.428,Always off,run10022,10285.8,46832.8,1498.6,31236.4,2143.6,3.532,2.782,780031.6
run10023,68.25,18.4,Triple Clear (WIN7),"Double low U, low g",Single Clear (WIN7),0.04064,18.71,AtriumNatVentControl,run10023,10027.1,68424.8,847.5,52746.9,2876.3,2.361,1.747,735329.4
run10024,55.67,54.47,Double Clear,Triple Clear (WIN7),Double Clear,0.06971,27.27,AtriumNatVentControl,run10024,10062.8,76324.9,925.7,61083.5,2362.2,2.76,2.13,771492.1
run10025,82.12,48.24,Double Clear,"Triple, low U, low g",Single Clear (WIN7),0.04025,9.066,Always off,run10025,10415.5,70582.2,1414.9,55161.4,2052.4,3.685,2.836,848857.8
run10026,33.31,54.25,Double Clear,"Triple, low U, low g",Single Clear (WIN7),0.05033,27.54,AtriumNatVentControl,run10026,9762,62449.6,639,46976.5,2880.7,1.732,1.449,740214.2
run10027,32.6,10.69,Triple Clear (WIN7),"Double low U, low g",Double Clear,0.06617,27.18,AtriumNatVentControl,run10027,9549.8,62836.7,446.4,45621,4816.4,0.9442,0.778,646201.3
run10028,38.22,26.5,Triple Clear (WIN7),"Triple, low U, low g","Double, low U",0.0346,28.78,Always off,run10028,9752.6,41008.6,957.5,24358.2,3739.8,1.351,1.102,641114.4
run10029,24.54,34.25,"Double, low U","Double low U, low g",Double Clear,0.0442,10.99,Always off,run10029,9825.5,55052.9,578,39065.5,3453.9,1.351,1.13,651869.4
run10030,52.85,91.91,Triple Clear (WIN7),"Double low U, low g","Double, low U",0.06722,9.251,Always off,run10030,10168.7,65368.7,1007.4,50343.7,2063.1,3.234,2.623,808197.5
run10031,25.78,21.06,Double Clear,Double Clear,Single Clear (WIN7),0.03908,25.83,Always off,run10031,9879,61291.6,613,44762.3,3961.4,1.142,0.898,615589.7
run10032,60.15,72.32,"Double, low U",Triple Clear (WIN7),"Double, low U",0.01963,28.08,Always off,run10032,10172.3,54331.8,1269.7,38925.4,2181.3,3.16,2.457,736389.7
run10033,88.84,72.68,"Triple, low U",Triple Clear (WIN7),Double Clear,0.05799,9.91,AtriumNatVentControl,run10033,9922.1,53113.8,1552.8,37694.4,1914.3,4.227,3.316,761126.9
run10034,91.87,63.92,"Double, low U","Triple, low U, low g",Single Clear (WIN7),0.06755,2.541,Always off,run10034,10510.4,63193.7,1641.8,47709.2,1888.6,4.34,3.334,867946
run10035,36.6,15.99,"Triple, low U","Triple, low U, low g","Double, low U",0.04472,27.37,Always off,run10035,9670.9,48386.2,673.3,31523.4,4234.8,1.219,0.9648,642476.6
run10036,75.53,86.08,"Triple, low U","Triple, low U, low g","Double, low U",0.04499,14.21,Always off,run10036,10240.5,50073.9,1448.5,34645.4,2025.1,3.819,2.962,829277.5
run10037,77.24,74.93,Triple Clear (WIN7),Double Clear,"Double, low U",0.06524,20.06,Always off,run10037,10367.7,71124.1,1423.7,55821,1925.6,3.836,2.983,768210.4
run10038,93.25,83.75,Double Clear,"Triple, low U, low g",Single Clear (WIN7),0.03671,11.12,AtriumNatVentControl,run10038,10485.2,80218.8,1549.4,64921.7,1793.9,4.597,3.555,950297.2
run10039,12.98,87.27,"Triple, low U","Double low U, low g","Double, low U",0.03725,16.36,Always off,run10039,9772.1,51848.8,592.6,36502.3,2798.5,1.548,1.191,696154.7
run10040,16.76,75.86,Double Clear,"Double low U, low g",Single Clear (WIN7),0.05651,2.742,AtriumNatVentControl,run10040,9752.8,63820.5,556.4,48725.4,2585.1,1.666,1.434,721278.8
run10041,90.99,16.79,"Triple, low U","Triple, low U, low g","Double, low U",0.02427,23.89,Always off,run10041,10170,37455.7,1684.7,21264.3,2552.2,2.95,2.16,708010.6
run10042,84.54,86.29,Triple Clear (WIN7),"Triple, low U, low g","Double, low U",0.05685,7.413,Always off,run10042,10306.7,53274,1683.7,37714.4,1921.6,4.06,3.147,854788.6
run10043,72.45,37.55,"Double, low U","Triple, low U, low g",Single Clear (WIN7),0.06395,23.91,Always off,run10043,10274.7,61305.6,1204,45770.7,2376,3.037,2.263,786053.5
run10044,90.4,49.43,Double Clear,Double Clear,Double Clear,0.05922,17.81,Always off,run10044,10608.4,85067.9,1492.9,69722.9,1896.1,4.201,3.124,804556.2
run10045,10.29,59.19,Double Clear,Double Clear,"Double, low U",0.02082,9.432,AtriumNatVentControl,run10045,9229.7,48442.2,593.5,32908.5,2987.6,1.285,1.022,580876.7
run10046,12.27,72.81,Double Clear,"Triple, low U, low g","Double, low U",0.06,11.83,Always off,run10046,9751.8,45550.9,814.7,29689,3092.2,1.294,1.005,685466.9
run10047,50.41,53.14,Triple Clear (WIN7),Triple Clear (WIN7),Double Clear,0.05429,11.62,AtriumNatVentControl,run10047,9714,60080.7,852.5,44795.2,2480.1,2.459,1.913,704152.9
run10048,93.89,67.91,"Double, low U",Double Clear,Double Clear,0.07197,16.87,Always off,run10048,10615.1,75828.9,1625.4,60441.7,1807.8,4.697,3.619,799663.2
run10049,57.1,74.7,Double Clear,"Double low U, low g",Double Clear,0.07461,18.75,Always off,run10049,10323.4,75756.1,1089.4,60641.3,2071.6,3.301,2.619,826651.7
run10050,58.78,45.89,Triple Clear (WIN7),Double Clear,Single Clear (WIN7),0.06446,29.71,Always off,run10050,10253,74738.7,941.3,59364,2479.4,2.572,1.991,726701.8
run10051,76.42,12.91,Triple Clear (WIN7),"Triple, low U, low g",Single Clear (WIN7),0.03793,22.74,Always off,run10051,10133.6,57518.7,1087.6,41609.9,2867.6,2.413,1.74,739241.9
run10052,81.41,79.95,"Double, low U","Triple, low U, low g","Double, low U",0.07018,21.52,Always off,run10052,10292.8,52217.7,1613.1,36702.4,1948.4,3.952,2.964,836901.6
run10053,29.55,46.1,"Triple, low U","Triple, low U, low g",Double Clear,0.04151,0.3421,AtriumNatVentControl,run10053,9602.3,51609.9,587.7,35989.9,3079.2,1.58,1.443,684916.2
run10054,88.94,28.62,"Triple, low U",Double Clear,Single Clear (WIN7),0.07071,20.43,Always off,run10054,10360.1,64326.9,1334.4,48746,2291.8,3.374,2.528,711952.2
run10055,45.15,38.82,Double Clear,"Triple, low U, low g",Single Clear (WIN7),0.06115,4.622,AtriumNatVentControl,run10055,9875.9,66755.3,760.2,51392.3,2649.5,2.202,1.813,751126.6
run10056,74.43,85.98,Triple Clear (WIN7),"Triple, low U, low g",Double Clear,0.07332,19.7,AtriumNatVentControl,run10056,10080.9,69234.7,1076.1,54140.1,2064.7,3.574,2.775,880160
run10057,57.99,72.01,"Double, low U",Triple Clear (WIN7),Double Clear,0.05312,11.45,Always off,run10057,10284.4,58355,1355.5,42964,2081.4,3.327,2.624,748771.1
run10058,90.26,41.42,"Double, low U","Triple, low U, low g",Single Clear (WIN7),0.02138,25.68,AtriumNatVentControl,run10058,10287.2,60228.9,1539.9,44590.5,2145.3,3.562,2.636,815942.3
run10059,32.43,52.88,"Triple, low U",Double Clear,Single Clear (WIN7),0.03483,0.9559,Always off,run10059,10145.1,66920.9,873.8,51598.9,2493.2,2.084,1.784,680075.9
run10060,94.07,85.06,"Triple, low U","Double low U, low g",Double Clear,0.03281,9.33,AtriumNatVentControl,run10060,9921.3,45460.7,1661.3,30033,1814.2,4.62,3.588,787062.8
run10061,28.47,61.31,Triple Clear (WIN7),"Triple, low U, low g",Single Clear (WIN7),0.04126,28.52,Always off,run10061,9987.4,63757.4,613.7,48078.4,3111.2,1.509,1.283,754252.6
run10062,46.94,16,Triple Clear (WIN7),Triple Clear (WIN7),Double Clear,0.02922,29.55,Always off,run10062,9846.1,49462.6,841.6,32995.8,3670.2,1.532,1.2,626079.6
run10063,66.12,78.15,"Double, low U",Triple Clear (WIN7),"Double, low U",0.05042,4.799,Always off,run10063,10320,54794.1,1606.1,39295.9,1937.6,3.888,2.982,756790.3
run10064,37.24,97.62,"Double, low U","Double low U, low g",Single Clear (WIN7),0.05603,5.694,AtriumNatVentControl,run10064,9841,59196.6,853.4,44338.3,2051.4,2.878,2.428,766585.8
run10065,53.15,28.15,Double Clear,Triple Clear (WIN7),Single Clear (WIN7),0.0208,9.371,AtriumNatVentControl,run10065,9885.5,61124.2,960.3,45575.2,2635.5,2.382,1.894,684934.9
run10066,69.67,37.12,"Triple, low U",Triple Clear (WIN7),Single Clear (WIN7),0.03261,1.622,Always off,run10066,10233.1,50346.9,1354,34670.7,2367.4,3.035,2.364,694528.4
run10067,86.96,33.18,Triple Clear (WIN7),"Double low U, low g","Double, low U",0.02935,22.76,AtriumNatVentControl,run10067,9830.6,58167,1116.3,42743.2,2353.9,3.148,2.316,743492.4
run10068,48.16,25.9,Double Clear,"Triple, low U, low g",Single Clear (WIN7),0.04095,29.84,Always off,run10068,10133.1,69527.3,842.4,53707.2,3023.6,1.937,1.5,752191.8
run10069,75.13,96.79,"Double, low U",Double Clear,Single Clear (WIN7),0.02112,10.82,AtriumNatVentControl,run10069,10241.9,67629.4,1602.5,52375.8,1697.8,4.788,3.766,774286.8
run10070,60.36,96.38,"Double, low U",Triple Clear (WIN7),"Double, low U",0.06565,5.876,Always off,run10070,10384.6,56352,1734.9,40791,1872.5,3.883,3.151,778807.2
run10071,25.58,17.83,"Triple, low U","Triple, low U, low g",Double Clear,0.0565,19.58,AtriumNatVentControl,run10071,9473.1,55587.4,421.8,38280.8,4931.6,0.7903,0.7033,644281.7
run10072,61.06,11.28,"Triple, low U","Double low U, low g","Double, low U",0.06437,5.334,Always off,run10072,9926.3,46426.3,1046.6,30309.2,3116,2.19,1.64,647153.3
run10073,34.33,24.14,"Triple, low U","Triple, low U, low g","Double, low U",0.01944,15.01,AtriumNatVentControl,run10073,9289.7,41663.6,629.2,25265.5,3816.5,1.321,1.123,619753
run10074,11.21,90.12,"Double, low U","Double low U, low g","Double, low U",0.02547,4.785,Always off,run10074,9800.3,39431.6,959.3,23893.7,2624.7,1.555,1.238,661195.6
run10075,43.33,68.83,Triple Clear (WIN7),Triple Clear (WIN7),Single Clear (WIN7),0.04855,15.42,Always off,run10075,10172.9,63708.8,992.4,48362.6,2399.4,2.423,2.039,739442.8
run10076,23.26,96.1,"Triple, low U",Triple Clear (WIN7),"Double, low U",0.03051,19.81,AtriumNatVentControl,run10076,9198.9,46024.1,814.4,30823.3,2435,1.998,1.643,666062.7
run10077,88.78,74,Double Clear,"Triple, low U, low g",Double Clear,0.05843,6.804,AtriumNatVentControl,run10077,9947.3,65018.3,1439.8,49787.4,1838.2,4.379,3.412,867082.4
run10078,85.65,80.5,"Triple, low U",Double Clear,Double Clear,0.03748,4.161,Always off,run10078,10561.6,66733.5,1724,51269.8,1786.1,4.67,3.696,775251.7
run10079,18.65,16.63,"Double, low U","Triple, low U, low g","Double, low U",0.05592,7.233,AtriumNatVentControl,run10079,9026.9,45567.4,389.7,27976.7,5248.4,0.8084,0.6385,588557.2
run10080,80.31,60.17,"Double, low U","Triple, low U, low g","Double, low U",0.02129,12.84,Always off,run10080,10269.9,41692.2,1739.7,25954.4,2044.4,3.804,2.769,773103.2
run10081,79.55,58.64,"Double, low U",Double Clear,Single Clear (WIN7),0.03399,2.299,Always off,run10081,10581.7,72342.8,1568.7,56934.1,1885.7,4.296,3.397,763891.8
run10082,67.48,16.51,"Double, low U","Double low U, low g",Single Clear (WIN7),0.0443,8.578,Always off,run10082,10157.9,52942.6,1161.4,37191.3,2635.7,2.736,1.979,689245.4
run10083,17.17,39.3,Triple Clear (WIN7),Double Clear,Double Clear,0.04601,18.31,Always off,run10083,9815,55885.6,633.5,39689,3608,1.097,0.9365,607368.3
run10084,48.8,47.57,"Triple, low U",Double Clear,Single Clear (WIN7),0.07426,14.31,AtriumNatVentControl,run10084,10072.9,75578.1,808.4,60379.5,2436.7,2.547,2.023,715270
run10085,29.82,75.13,"Triple, low U",Double Clear,Single Clear (WIN7),0.06317,12.24,AtriumNatVentControl,run10085,10077.3,78631,784.8,63596.7,2295.6,2.311,2.006,733395.3
run10086,34.88,24.25,"Double, low U","Triple, low U, low g",Double Clear,0.05327,1.179,Always off,run10086,9882.1,56067.4,697.8,40047.8,3366.8,1.573,1.323,681733.3
run10087,25.73,58.39,Triple Clear (WIN7),"Double low U, low g",Single Clear (WIN7),0.05276,23.37,AtriumNatVentControl,run10087,9857.4,68826.9,496.5,53354.2,3021.9,1.502,1.321,728056.7
run10088,39.27,13.92,"Triple, low U","Double low U, low g",Double Clear,0.04861,16.34,Always off,run10088,9809.3,53977.3,677.2,37391.3,3954,1.389,1.126,640661.1
run10089,46.81,62.42,Double Clear,"Double low U, low g",Double Clear,0.05709,14.16,Always off,run10089,10142,62155.2,1029.2,46888.5,2283.4,2.719,2.183,750193.4
run10090,82.56,30.31,Triple Clear (WIN7),"Double low U, low g","Double, low U",0.04414,26.48,Always off,run10090,10147,50797.4,1422.8,34948.5,2471.8,2.933,2.208,721143.2
run10091,21.56,63.24,Double Clear,Double Clear,Double Clear,0.054,14.27,Always off,run10091,10108.4,71336.3,761.5,56038.5,2581.9,1.854,1.585,691695.1
run10092,45.99,76.33,Double Clear,Double Clear,"Double, low U",0.06531,27.22,AtriumNatVentControl,run10092,9498.3,68057.8,931.9,53057.7,2115.9,2.88,2.319,702193
run10093,26.11,11.07,"Triple, low U","Double low U, low g",Single Clear (WIN7),0.04936,24.35,Always off,run10093,9784.4,61811.2,500.8,43970.3,5386.3,0.8395,0.6766,641983.5
run10094,78.95,86.93,"Double, low U","Triple, low U, low g","Double, low U",0.05623,27.09,Always off,run10094,10292.1,56450.3,1503.1,41044.5,1948.7,3.876,2.953,856406
run10095,93.43,13.98,"Double, low U","Double low U, low g",Double Clear,0.02387,19.61,Always off,run10095,10330.2,53007.4,1601.5,37111.5,2339.4,3.311,2.442,725959.3
run10096,94.83,69.94,Triple Clear (WIN7),"Triple, low U, low g",Single Clear (WIN7),0.02244,16.24,AtriumNatVentControl,run10096,10287.7,69356.3,1395.2,54029.5,1978.1,3.918,2.931,893313.4
run10097,11.16,22.89,Double Clear,"Double low U, low g",Single Clear (WIN7),0.02163,21.07,Always off,run10097,9513.7,47259.9,537.3,28878.5,5889.6,0.5775,0.488,586018.6
run10098,75.41,29.9,"Double, low U",Double Clear,"Double, low U",0.04456,23.08,Always off,run10098,10186,57565.6,1244.9,42029.4,2335.7,3.224,2.397,673830.2
run10099,61.36,45.42,"Double, low U","Double low U, low g","Double, low U",0.03601,10.16,Always off,run10099,10072.9,51670,1165.2,36258.7,2291.6,3.075,2.354,713384.9
run10100,18.13,61.28,"Double, low U","Double low U, low g","Double, low U",0.03858,10.94,Always off,run10100,9741.4,51119.8,619.7,35631.1,2914,1.529,1.274,665149.5
r2n10001,67.18,79.4,"Triple, low U","Double low U, low g","Double, low U",0.0721,20,Always off,r2n10001,10171.4,48892.4,1452.1,33414.3,2070.8,3.459,2.715,800962.5
r2n10002,57.41,77.81,"Triple, low U",Double Clear,"Double, low U",0.02884,20,AtriumNatVentControl,r2n10002,9408.9,50103.7,1145,34966.4,2041,3.325,2.634,726837.9
r2n10003,55.59,69.96,"Triple, low U",Double Clear,"Double, low U",0.03104,20,AtriumNatVentControl,r2n10003,9368.7,48848.2,1079.1,33687,2130.7,3.09,2.495,708922
r2n10004,71.37,70.38,"Triple, low U","Double low U, low g","Double, low U",0.02968,20,Always off,r2n10004,10217.3,39885.9,1642.1,24180.1,2109.2,3.501,2.735,768023.8
r2n10005,79.73,70.54,"Triple, low U","Double low U, low g","Double, low U",0.04239,20,Always off,r2n10005,10266.3,42699,1710.5,26991.7,2041.6,3.718,2.892,790801.9
r2n10006,50.52,79.96,"Triple, low U","Double low U, low g","Double, low U",0.03637,20,AtriumNatVentControl,r2n10006,9261.9,41257.2,936.5,26148.1,2221.2,2.83,2.28,726454.5
r2n10007,71.08,79.95,"Triple, low U",Double Clear,"Double, low U",0.04561,20,AtriumNatVentControl,r2n10007,9525.8,54457.3,1281.6,39299.9,1924.1,3.874,3.009,764569.2
r2n10008,55.24,65.55,"Triple, low U",Double Clear,"Double, low U",0.02306,20,Always off,r2n10008,10158.4,46376,1481.2,30759.9,2181.2,3,2.433,718823.3
r2n10009,67.37,55.21,"Triple, low U","Double low U, low g","Double, low U",0.03204,20,Always off,r2n10009,10138.5,39088.5,1528.4,23314.5,2290.8,3.087,2.387,734315.4
r2n10010,79.45,64.26,"Triple, low U",Double Clear,"Double, low U",0.03358,20,Always off,r2n10010,10316.2,49069.5,1757.9,33367.2,1990.5,3.861,3.06,762320.9
r2n10011,76.08,59.41,"Triple, low U",Double Clear,"Double, low U",0.0488,20,Always off,r2n10011,10265.1,51146.2,1639.4,35493.2,2060.7,3.698,2.887,756012.3
r2n10012,62.18,69.21,"Triple, low U","Double low U, low g","Double, low U",0.05754,20,Always off,r2n10012,10111.3,45400.9,1387.7,29853.8,2204.8,3.102,2.461,765743.4
r2n10013,55.18,77.96,"Triple, low U",Double Clear,"Double, low U",0.06374,20,Always off,r2n10013,10194.8,57814.6,1404.2,42399.4,2057.8,3.226,2.638,770763.7
r2n10014,74.51,55.76,"Triple, low U","Double low U, low g","Double, low U",0.04324,20,Always off,r2n10014,10186.1,41673.8,1585.3,25921.2,2212.2,3.36,2.496,755113.1
r2n10015,55.78,72.48,"Triple, low U","Double low U, low g","Double, low U",0.03689,20,AtriumNatVentControl,r2n10015,9282,40882.8,984.2,25710.2,2236.9,2.997,2.289,722582.1
r2n10016,69.1,68.63,"Triple, low U","Double low U, low g","Double, low U",0.06689,20,Always off,r2n10016,10161.3,47236.4,1459.2,31678.9,2142.9,3.419,2.654,782324.2
r2n10017,62.12,78.33,"Triple, low U","Double low U, low g","Double, low U",0.07592,20,AtriumNatVentControl,r2n10017,9386.9,49252.2,983.4,34194.1,2122.8,3.273,2.578,769249.3
r2n10018,56.83,57.35,"Triple, low U","Double low U, low g","Double, low U",0.07548,20,Always off,r2n10018,10040.2,48301.3,1220.8,32735.4,2390,2.786,2.173,746319.8
r2n10019,65.54,74.84,"Triple, low U",Double Clear,"Double, low U",0.07396,20,Always off,r2n10019,10257.1,59190.3,1500.6,43732,2004.2,3.608,2.8,786450.8
r2n10020,74.35,56.97,"Triple, low U","Double low U, low g","Double, low U",0.04626,20,Always off,r2n10020,10183.3,42397.8,1575.6,26665.7,2201.2,3.419,2.545,758788.4
r2n10021,58.52,53.55,"Triple, low U","Double low U, low g","Double, low U",0.06343,20,AtriumNatVentControl,r2n10021,9280.1,45263.9,879.8,30017.9,2414,2.748,2.163,711216.6
r2n10022,66.09,53.97,"Triple, low U",Double Clear,"Double, low U",0.03225,20,AtriumNatVentControl,r2n10022,9380,45901.3,1141.2,30608,2201,3.212,2.524,693069.1
r2n10023,78.17,75.36,"Triple, low U",Double Clear,"Double, low U",0.02599,20,AtriumNatVentControl,r2n10023,9543.8,49552.7,1418,34270.9,1912.4,3.964,3.121,753743.5
r2n10024,77.12,59.17,"Triple, low U",Double Clear,"Double, low U",0.04554,20,Always off,r2n10024,10269.5,50442,1662.1,34773.1,2052.9,3.693,2.9,755102.2
r2n10025,61.81,52.02,"Triple, low U","Double low U, low g","Double, low U",0.04472,20,Always off,r2n10025,10067.7,41514.5,1370.7,25797.1,2392,2.834,2.229,726254.2
r2n10026,55.68,77.54,"Triple, low U","Double low U, low g","Double, low U",0.05154,20,AtriumNatVentControl,r2n10026,9311.9,44361.7,952.4,29268.8,2188.7,3.014,2.342,741406.3
r2n10027,59.66,66.06,"Triple, low U",Double Clear,"Double, low U",0.04695,20,Always off,r2n10027,10176.7,51914.9,1450.3,36378.4,2132.6,3.223,2.504,742588.6
r2n10028,78.55,61.43,"Triple, low U","Double low U, low g","Double, low U",0.05928,20,Always off,r2n10028,10215,45363.3,1597.8,29687.1,2122.8,3.594,2.698,781715
r2n10029,77.61,58.27,"Triple, low U","Double low U, low g","Double, low U",0.0571,20,AtriumNatVentControl,r2n10029,9429.6,44372.4,1178.4,29084.4,2158.1,3.5,2.543,748988.5
r2n10030,60.16,75.36,"Triple, low U","Double low U, low g","Double, low U",0.03371,20,Always off,r2n10030,10133,40862.2,1467.6,25273.1,2166.8,3.195,2.46,759015.2
r2n10031,74.31,67.12,"Triple, low U",Double Clear,"Double, low U",0.05438,20,AtriumNatVentControl,r2n10031,9505.7,53524.1,1238.8,38332.1,2001.8,3.736,2.905,748315.9
r2n10032,62.91,61.97,"Triple, low U","Double low U, low g","Double, low U",0.07514,20,AtriumNatVentControl,r2n10032,9348.1,48136.5,938.9,32978.6,2267.1,3.038,2.405,741221.3
r2n10033,64.79,54.79,"Triple, low U","Double low U, low g","Double, low U",0.04299,20,Always off,r2n10033,10104.1,41392.3,1433.8,25678.4,2324.9,2.968,2.318,735663.9
r2n10034,52.88,54.26,"Triple, low U","Double low U, low g","Double, low U",0.03905,20,AtriumNatVentControl,r2n10034,9205.4,39953.7,878.9,24642.4,2480.8,2.578,2.004,685599.6
r2n10035,53.25,51.18,"Triple, low U",Double Clear,"Double, low U",0.05797,20,AtriumNatVentControl,r2n10035,9310.3,50885,888.4,35660.3,2384.8,2.664,2.075,685007
r2n10036,59.69,72.83,"Triple, low U","Double low U, low g","Double, low U",0.03351,20,Always off,r2n10036,10117.5,40609.5,1453.6,25008.3,2193.3,3.087,2.389,753261.2
r2n10037,56.89,56.78,"Triple, low U","Double low U, low g","Double, low U",0.02192,20,AtriumNatVentControl,r2n10037,9238.4,36299.3,1016,20937,2395.2,2.757,2.142,685488.1
r2n10038,73.97,75.63,"Triple, low U",Double Clear,"Double, low U",0.06801,20,Always off,r2n10038,10309.5,58244.2,1626.8,42724.8,1938.9,3.9,2.974,797528
r2n10039,67.93,57.5,"Triple, low U",Double Clear,"Double, low U",0.05169,20,AtriumNatVentControl,r2n10039,9423.2,50901.7,1119.5,35685.3,2145.4,3.358,2.597,716557
r2n10040,55.88,77.26,"Triple, low U","Double low U, low g","Double, low U",0.05422,20,Always off,r2n10040,10088,45219,1333.9,29738.1,2191.8,2.987,2.389,767141.3
r2n10041,66.74,77.44,"Triple, low U",Double Clear,"Double, low U",0.04009,20,AtriumNatVentControl,r2n10041,9483.1,52659.8,1231.5,37506.1,1970.8,3.709,2.867,748726.6
r2n10042,71.51,54.46,"Triple, low U",Double Clear,"Double, low U",0.03442,20,AtriumNatVentControl,r2n10042,9420.6,46592.1,1206.4,31288.8,2145.8,3.398,2.647,704271.6
r2n10043,55.24,55.29,"Triple, low U",Double Clear,"Double, low U",0.07549,20,Always off,r2n10043,10110.3,55678.9,1268.6,40152,2305.8,2.859,2.193,731554.4
r2n10044,50.11,61.97,"Triple, low U","Double low U, low g","Double, low U",0.03108,20,Always off,r2n10044,10007.8,39010.6,1293.4,23341.5,2421.4,2.578,2.034,714303.7
r2n10045,68.75,76.93,"Triple, low U","Double low U, low g","Double, low U",0.06726,20,Always off,r2n10045,10178.2,47845.9,1481.3,32332.5,2077.1,3.471,2.692,796665.3
r2n10046,62.45,52.41,"Triple, low U","Double low U, low g","Double, low U",0.04443,20,AtriumNatVentControl,r2n10046,9289.3,41145.1,988.9,25825.9,2379.1,2.843,2.2,703350.3
r2n10047,60.06,64.52,"Triple, low U","Double low U, low g","Double, low U",0.06584,20,Always off,r2n10047,10082.7,46766,1318.3,31222.2,2270.4,3,2.316,758695.6
r2n10048,73.37,55.81,"Triple, low U","Double low U, low g","Double, low U",0.062,20,AtriumNatVentControl,r2n10048,9394.9,45147.5,1095.5,29878.4,2222.1,3.329,2.475,740152.7
r2n10049,52.47,51.14,"Triple, low U",Double Clear,"Double, low U",0.04543,20,Always off,r2n10049,10066.7,48389.1,1287.5,32752.1,2395.3,2.662,2.055,699112.5
r2n10050,72.02,68.06,"Triple, low U","Double low U, low g","Double, low U",0.04564,20,AtriumNatVentControl,r2n10050,9406.7,42669.5,1170.4,27425.5,2122.4,3.464,2.768,749535.2
r2n10051,64.05,70.3,"Triple, low U","Double low U, low g","Double, low U",0.02386,20,Always off,r2n10051,10166.4,38406.7,1562.6,22713.8,2175.5,3.28,2.521,750883
r2n10052,53.15,60.3,"Triple, low U",Double Clear,"Double, low U",0.06511,20,AtriumNatVentControl,r2n10052,9359.8,54234.9,917.9,39103.3,2262.2,2.84,2.259,708616.5
r2n10053,61.73,58.81,"Triple, low U",Double Clear,"Double, low U",0.02292,20,AtriumNatVentControl,r2n10053,9360.9,44702.4,1139.2,29422.1,2190,3.148,2.393,689542.1
r2n10054,70.67,57.27,"Triple, low U","Double low U, low g","Double, low U",0.07216,20,AtriumNatVentControl,r2n10054,9389.9,47249.1,1037.1,32026.5,2233.9,3.238,2.466,744434.2
r2n10055,52.34,61.11,"Triple, low U","Double low U, low g","Double, low U",0.05365,20,Always off,r2n10055,10016,43995.7,1235.4,28402.9,2403,2.644,2.061,731574.3
r2n10056,63.46,65.26,"Triple, low U",Double Clear,"Double, low U",0.07311,20,Always off,r2n10056,10200.1,57111.9,1427.5,41623.6,2107.5,3.34,2.583,762896.6
r2n10057,52.68,77.39,"Triple, low U",Double Clear,"Double, low U",0.05112,20,AtriumNatVentControl,r2n10057,9403.9,54779.7,1026.4,39716.8,2085,3.15,2.501,733822.9
r2n10058,59.65,57.21,"Triple, low U",Double Clear,"Double, low U",0.03526,20,Always off,r2n10058,10146.6,47467.8,1455,31830,2229.2,3.021,2.355,716485.3
r2n10059,54.63,53.88,"Triple, low U",Double Clear,"Double, low U",0.06893,20,Always off,r2n10059,10095,54038.9,1267.9,38488,2329.3,2.766,2.162,723472.4
r2n10060,68.06,56.54,"Triple, low U",Double Clear,"Double, low U",0.04557,20,AtriumNatVentControl,r2n10060,9416.1,49408.1,1134.5,34167.9,2154.1,3.31,2.621,710750.8
r2n10061,61.59,63.45,"Triple, low U",Double Clear,"Double, low U",0.02603,20,Always off,r2n10061,10192.3,46771.4,1547.7,31127.8,2141.7,3.224,2.499,726716.5
r2n10062,73.18,56.5,"Triple, low U","Double low U, low g","Double, low U",0.0307,20,Always off,r2n10062,10191.8,39036.4,1624.9,23239.2,2217.9,3.342,2.494,746481
r2n10063,70.4,78.77,"Triple, low U","Double low U, low g","Double, low U",0.07308,20,Always off,r2n10063,10193.3,49023.6,1492.6,33525.5,2050.9,3.559,2.786,805924.6
r2n10064,77.35,51.13,"Triple, low U",Double Clear,"Double, low U",0.06525,20,Always off,r2n10064,10231.9,52773.3,1560.2,37127.5,2131.6,3.579,2.724,750515.1
r2n10065,63.28,79,"Triple, low U",Double Clear,"Double, low U",0.05218,20,Always off,r2n10065,10249.4,55771.5,1544.6,40287.2,1986.2,3.52,2.844,778507
r2n10066,62.96,60.44,"Triple, low U","Double low U, low g","Double, low U",0.07583,20,Always off,r2n10066,10094,48492.9,1315.1,32939.9,2282.6,3.027,2.412,762432.3
r2n10067,74.47,74.27,"Triple, low U",Double Clear,"Double, low U",0.06726,20,AtriumNatVentControl,r2n10067,9557.3,57529.8,1247.4,42386,1944.6,3.901,3.029,771666.3
r2n10068,79.89,74.51,"Triple, low U",Double Clear,"Double, low U",0.03963,20,Always off,r2n10068,10351.6,52564,1782,36919.6,1908.9,4.063,3.204,788174.7
r2n10069,57.81,63.91,"Triple, low U","Double low U, low g","Double, low U",0.06837,20,AtriumNatVentControl,r2n10069,9309,46926.8,894,31777.7,2303.3,2.874,2.316,731648.6
r2n10070,69.39,56.89,"Triple, low U",Double Clear,"Double, low U",0.05009,20,Always off,r2n10070,10210.2,50799.6,1532.5,35172.1,2141.7,3.416,2.665,740997.6
r2n10071,71.46,61.39,"Triple, low U",Double Clear,"Double, low U",0.03263,20,AtriumNatVentControl,r2n10071,9444.7,47695.2,1244.9,32423,2075.9,3.527,2.796,717514.8
r2n10072,64.81,52.53,"Triple, low U","Double low U, low g","Double, low U",0.06586,20,Always off,r2n10072,10088.3,46020.1,1345.6,30369.2,2350.8,2.95,2.257,745691
r2n10073,51.23,69.03,"Triple, low U",Double Clear,"Double, low U",0.01957,20,Always off,r2n10073,10147.3,46221.2,1459.6,30623.7,2183.8,2.971,2.417,717315.9
r2n10074,53.28,64.8,"Triple, low U","Double low U, low g","Double, low U",0.06876,20,Always off,r2n10074,10036,47384.2,1213,31870,2346.3,2.69,2.109,749332.5
r2n10075,69.35,61.97,"Triple, low U",Double Clear,"Double, low U",0.04641,20,Always off,r2n10075,10227.6,51057.7,1564.1,35450.7,2089.1,3.515,2.707,749040.7
r2n10076,75.75,63,"Triple, low U",Double Clear,"Double, low U",0.05618,20,AtriumNatVentControl,r2n10076,9501.9,53028.3,1234.1,37815,2027.5,3.717,2.881,743128.4
r2n10077,52.47,78.01,"Triple, low U",Double Clear,"Double, low U",0.0312,20,Always off,r2n10077,10184.3,50901.5,1474,35391.9,2083.5,3.128,2.549,746147.5
r2n10078,51.44,66.52,"Triple, low U","Double low U, low g","Double, low U",0.06213,20,AtriumNatVentControl,r2n10078,9259.1,45829.4,833,30695.8,2349,2.717,2.12,721179.7
r2n10079,76.34,70.18,"Triple, low U",Double Clear,"Double, low U",0.07131,20,Always off,r2n10079,10300.9,57757.3,1616.8,42220.6,1965.6,3.863,3.02,791684.9
r2n10080,72.12,77.85,"Triple, low U","Double low U, low g","Double, low U",0.05308,20,AtriumNatVentControl,r2n10080,9438.2,44854.2,1179.8,29680.3,2042.4,3.609,2.831,771969.1
r2n10081,68.35,65.57,"Triple, low U","Double low U, low g","Double, low U",0.02337,20,Always off,r2n10081,10191.1,38053.8,1620.3,22303,2176,3.314,2.553,749916.4
r2n10082,79.94,78.98,"Triple, low U","Double low U, low g","Double, low U",0.03127,20,AtriumNatVentControl,r2n10082,9499.5,40787.3,1386.6,25471.5,1978,3.891,3.037,775125.3
r2n10083,78.11,63.23,"Triple, low U","Double low U, low g","Double, low U",0.06656,20,Always off,r2n10083,10209.3,46857.2,1567.8,31224.4,2109.9,3.609,2.713,788078.4
r2n10084,70.59,66.84,"Triple, low U",Double Clear,"Double, low U",0.04919,20,Always off,r2n10084,10252.2,52693.6,1588.6,37117.8,2034,3.632,2.853,762865
r2n10085,56.19,65.28,"Triple, low U",Double Clear,"Double, low U",0.05801,20,AtriumNatVentControl,r2n10085,9385.7,53742.1,992.2,38625.6,2173,3.042,2.42,718651
r2n10086,76.78,78.4,"Triple, low U","Double low U, low g","Double, low U",0.05618,20,Always off,r2n10086,10249.4,45897.2,1643.1,30293.8,2005.2,3.778,2.933,807304.7
r2n10087,77.45,63.46,"Triple, low U",Double Clear,"Double, low U",0.01917,20,AtriumNatVentControl,r2n10087,9495.1,45397.4,1391.9,30040.4,2014,3.78,2.971,722921.8
r2n10088,59.15,76.09,"Triple, low U",Double Clear,"Double, low U",0.03867,20,Always off,r2n10088,10213.8,52246,1516.2,36735,2041.6,3.368,2.697,757438.1
r2n10089,76.75,51.01,"Triple, low U","Double low U, low g","Double, low U",0.03312,20,AtriumNatVentControl,r2n10089,9397.5,38859.8,1241.1,23432,2235.5,3.265,2.463,719222.7
r2n10090,75.45,67.71,"Triple, low U",Double Clear,"Double, low U",0.06871,20,Always off,r2n10090,10287.9,56778.9,1609.4,41222.5,1993.3,3.812,2.938,783861.9
r2n10091,72.6,70,"Triple, low U",Double Clear,"Double, low U",0.05252,20,AtriumNatVentControl,r2n10091,9504.2,53711.5,1235,38534.5,1990.5,3.759,2.897,750399.9
r2n10092,72.91,52.58,"Triple, low U",Double Clear,"Double, low U",0.02954,20,AtriumNatVentControl,r2n10092,9424.9,45157.4,1239.8,29813,2153.5,3.423,2.699,699454
r2n10093,61.22,73.67,"Triple, low U",Double Clear,"Double, low U",0.07083,20,Always off,r2n10093,10223.3,58351.9,1447.5,42904.5,2046.3,3.405,2.714,775573.9
r2n10094,61.15,73.05,"Triple, low U","Double low U, low g","Double, low U",0.02018,20,AtriumNatVentControl,r2n10094,9324.5,37376.5,1136.6,22111.9,2177,3.133,2.462,722308.8
r2n10095,53.64,76.58,"Triple, low U",Double Clear,"Double, low U",0.0412,20,Always off,r2n10095,10180.1,52830,1440.6,37351.7,2084.5,3.144,2.543,751461.1
r2n10096,63.21,56.87,"Triple, low U",Double Clear,"Double, low U",0.02481,20,Always off,r2n10096,10176.3,45058.5,1541.6,29365.2,2197.7,3.191,2.485,714457.1
r2n10097,65.69,79.22,"Triple, low U","Double low U, low g","Double, low U",0.05354,20,AtriumNatVentControl,r2n10097,9394.9,44972.8,1093.4,29843.1,2084.4,3.434,2.637,763384.3
r2n10098,63.87,72.99,"Triple, low U",Double Clear,"Double, low U",0.04754,20,AtriumNatVentControl,r2n10098,9452.1,53214.5,1153.3,38078.7,2031.1,3.492,2.746,739662.2
r2n10099,75.51,62.53,"Triple, low U","Double low U, low g","Double, low U",0.0527,20,Always off,r2n10099,10201.4,44101.3,1581.5,28425.8,2139.4,3.595,2.7,774590.6
r2n10100,76.65,76.47,"Triple, low U",Double Clear,"Double, low U",0.02792,20,Always off,r2n10100,10348.5,50502.3,1794.5,34839,1915.6,3.941,3.163,780183.5
